Full Name,unicode
Abel Aguilar,tvtRjPWG
Egidio Arevalo,hjckxK05
Pablo Armero,O8UqhRnb
Carlos Carbonero,vaLhwP79
Diego Forlan,AgK0X9Xg
Jorge Fucile,0dvnRAas
Walter Gargano,jTcOvRLb
Fredy Guarin,tSuI4NqP
Teofilo Gutierrez,bcVXlNFN
Victor Ibarbo,0AS5LZj5
Nicolas Lodeiro,xjFz7K56
Diego Lugano,tbQStlqm
Jackson Martinez,zkwG1qoB
Alexander Mejia,rueTwLEM
Faryd Mondragon,2wpxYuYt
Rodrigo Munoz,IBfM1hqq
Jose Pekerman,Wf8ozmco
Alvaro Pereira,lrp8099E
Diego Perez,INeqRV40
Juan Quintero,SQPKfPk1
Adrian Ramos,YZ3fZd1q
Cristian Rodriguez,G6DApa02
Martin Silva,S8gxSjvq
Oscar Tabarez,6X4sYXGs
Carlos Enrique Valdes Parra,8WZWgfpG
Camilo Vargas,2e2T9i1r
Mario Yepes,rBdCqjYP
Camilo Zuniga,EwafDIPi
Henri Bedimo,E9RHZbPR
Cedric Djeugoue,WG7Z6ETr
Eyong Enoh,l2QU0x98
Samuel Eto'o,KUCt6uhi
Loic Feudjou,GSuaSrFc
Volker Finke,lG07OmMC
Hernanes,f1K6aZH4
Hulk,lKBIrwVE
Charles Itandje,bZCdob4T
Jefferson,SYQSo4N8
Jo,APYEb3WB
Jean Makoun,roelnWzR
Maxwell,lxTgxZ9r
Stephane Mbia,QB1JjbkE
Benjamin Moukandjo,KvSUXPrI
Sammy N'Djock,Gp65kpmj
Landry N'Guemo,42K00pZE
Dany Nounkeu,Gl0X3I1b
Fabrice Olinga,00w3qCLK
Oscar,KfKDzbEo
 Ramires,8APqwh2k
Luiz Scolari,zTlM32dp
Victor Leandro Bagy,CItr06SK
Pierre Webo,IeDBoGkk
Rahman Ahmadi,z7yrtLGL
Seyed Alenemeh,QmMCDUsE
Mariano Andujar,SI6vFL9n
Jose Basanta,WGN2Oc7F
Hashem Beikzadeh,fLMSz6DJ
Steven Beitashour,p8Luljga
Hugo Campagnaro,WzFZEcqQ
Daniel Davari,vTfhX4Qe
Ashkan Dejagah,rar51Am2
Martin Demichelis,2Z11gzUL
Fernando Gago,2kfO5hFh
Reza Ghoochannejhad,fewZf0nn
Ghasem Hadadifar,Krh5xE3j
Alireza Haghighi,jPnlaoxE
Reza Haghighi,xbAEhSze
Ehsan Hajsafi,CdJzhxZa
Khosro Heydari,nJ17TN5g
Jalal Hosseini,OtzcEwBP
Ezequiel Lavezzi,6et6rxwE
Hossein Mahini,IXocdPsn
Pejman Montazeri,KKGJuspA
Javad Nekounam,000SFHn7
Agustin Orion,nczFLA83
Enzo Perez,2Prv8OYO
Mehrdad Pooladi,4Usgc5Su
Carlos Queiroz,jPnZyPCr
Bakhtiar Rahmani,d4nnAG43
Maxi Rodriguez,IT6wVRWI
Alejandro Sabella,SY1QwUiN
Amir-Hossein Sadeghi,2mNpoT12
Masoud Shojaei,hhICjA8O
Andranik Teymourian,6X7qfC3g
Alberto Aquilani,GOfxrOoF
Antonio Cassano,W8ICA6sH
DaMarcus Beasley,lGo5fQL1
Kyle Beckerman,CWokT5Nb
Alejandro Bedoya,UsBqE6t9
Matt Besler,SjDdp8hO
Michael Bradley,YPrUJq7B
Brad Davis,C4FFm2mD
Clint Dempsey,fPKW3px6
Mix Diskerud,fHjvV3H2
Omar Gonzalez,rB26jIhb
Kevin Grosskreutz,bLaT0ZF0
Brad Guzan,M3Uze1K2
Tim Howard,SxNK5vu3
Jermaine Jones,tv05hFpI
Jurgen Klinsmann,xtNWH61h
Miroslav Klose,tO31cZrF
Philipp Lahm,MB26hXLr
Joachim Low,j3q9jXxQ
Lukas Podolski,lpabyhMe
Nick Rimando,KOafz6f0
Bastian Schweinsteiger,Kj6ZEYc8
Chris Wondolowski,SpP9gO3a
Graham Zusi,rZBjnDGr
Jhonny Acosta,6m4BP7gi
Michael Barrantes,MqfnptPJ
Christian Bolanos,CWmnvbHg
Randall Brenes,h8CeoOPI
Diego Calvo,4GGjqafm
Daniel Cambronero,byQfgfqC
Jose Cubero,AyF3qJLb
Junior Diaz,fuBbwIWa
Waylon Francis,lMiHuUJH
Esteban Granados,xbAbjkxK
Roy Miller,fNo8fKgi
Dave Myrie,ja4WMUbq
Patrick Pemberton,IJw6T8Cn
Jorge Luis Pinto,hMCFvhTM
Bryan Ruiz,GSUXE4vL
Yeltsin Tejeda,Eq6MrP3D
Michael Umana,xtCih6yT
Marcos Urena,xfTVE588
Gabriel Achilier,Iam6OwQb
Michael Arroyo,IBomjdt5
Jaime Ayovi,bqzUjYCp
Walter Ayovi,xrkI4I9a
Oscar Bagui,GdEnsg7c
Maximo Banguera,C0V3v9Vn
Adrian Bone,xfEn0qWm
Didier Deschamps,M9jPX2nf
Alexander Dominguez,Wv5O5H4G
Frickson Erazo,boqg8xd5
Jorge Guagua,4MArrZii
Renato Ibarra,SScPvtFn
Mickael Landreau,4S7oFBGb
Fidel Martinez,bDT8BC9Q
Rio Mavuba,UXDH4BzE
Edison Mendez,lAI7UeGn
Oswaldo Minda,Glv4ChfK
Christian Noboa,pjkr9ZTO
Juan Carlos Paredes,jNsUOkpA
Joao Rojas,lfG1g8pt
Reinaldo Rueda Rivera,hMSQWGVN
Luis Saritama,pETBxm0a
Enner Valencia,KELXYJ3s
Paul Aguilar,fkbCCPVf
Javier Aquino,SKe8yFgN
Benoit Assou-Ekotto,29baWIql
Isaac Brizuela,AoFbVHsF
Jose Corona,MZKVR06T
Giovani dos Santos,tdD1ceUq
Miguel Ernesto Herrera Aguirre,6ozmdzIq
Rafael Marquez,OKGkmvNG
Maza,6F6NgDeK
Carlos Pena,nXhT8jn8
Oribe Peralta,2Lj3gzv4
Miguel Ponce,6k1xgGOc
Alan Pulido,tCk7hfgA
Carlos Arnoldo Salcido Flores,bggNMKgD
Alex Song,CW3rsOvB
Alfredo Talavera,0Q1K0OGj
Jose Vazquez,Ot5VROHG
Stephen Adams,UH4KYkR1
Albert Adomah,Iw2AQhJk
Harrison Afful,fq5jFOpl
Kwesi Appiah,WIKF3G4q
Paulo Bento,A5auQ30s
Ricardo Costa,vyoTfysA
Fatau Dauda,W00d3txM
Michael Essien,pdAlRo14
Asamoah Gyan,SbzYebln
Samuel Inkoom,KlcxoHZT
Adam Kwarasey,KnhfaVyK
Raul Meireles,tQ0UIhBP
Jonathan Mensah,4Ax57CjI
Daniel Opare,2c4O90H4
Joao Pereira,8QZIzoBM
Mohammed Rabiu,S0LSz2ad
Silvestre Varela,buIzDpN0
Vieirinha,txeq4OOS
Essaid Belkalem,jRsSwPG5
Madjid Bougherra,xjTuXcSe
Liassine Cadamuro,257uqtW0
Abdelmoumene Djabou,tp1gtTYs
Nabil Ghilas,bV5WZvnJ
Dae-Sung Ha,nuHty89q
Vahid Halilhodzic,djB4wXwP
Rafik Halliche,hMcBqSNP
Kook-Young Han,A9wPkkNi
Jeong-Ho Hong,l2QMiRSN
Myung-Bo Hong,v74Hvchq
Seok-Ho Hwang,Gz4yaPiA
Sung-Ryong Jung,YDdcjggU
Bo-Kyung Kim,SIdOAzvi
Chang-Soo Kim,byW3qP98
Seung-Gyu Kim,xh6I9nD4
Shin-Wook Kim,tpoGAdvn
Young-Gwon Kim,6aXY43HJ
Tae-Hwi Kwak,02BVj4L5
Bum-Young Lee,0WluekEh
Keun-Ho Lee,fg2nHFR4
Yong Lee,GUhYOF7e
Rais M'Bolhi,CCg8cYUc
Carl Medjani,bgeNo09I
Djamel Mesbah,Um43bEFi
Mehdi Mostefa,djtRIHlk
Chu-Young Park,IVByNPAr
Jong-Woo Park,0rOQgfsU
Joo-Ho Park,QmgkhFOH
Cedric Si Mohamed,Emwbk1nL
Saphir Taider,OKdmu5Gc
Hassan Yebda,YwIsGuhs
Suk-Young Yun,6P3V2OKp
Mohamed Zemmamouche,4Q4qPJio
Toshihiro Aoyama,YmGlYzPA
Yasuhito Endo,xMcL8f5H
Giannis Fetfatzidis,SIrupo05
Theofanis Gekas,nX0WxQg5
Panagiotis Glikos,jkPbaC18
Shuichi Gonda,4GZS8kqF
Keisuke Honda,zq4slAwi
Masahiko Inoha,CYY7pSy2
Yoichiro Kakitani,EZavu8ol
Georgios Karagounis,jBAL9fdJ
Konstantinos Katsouranis,MwNXZwZJ
Hiroshi Kiyotake,MF5stpj0
Panagiotis Kone,jiUnteZi
Yasuyuki Konno,GCdP7EKN
Giannis Maniatis,6y0lhADD
Vangelis Moras,n3LrxgT1
Masato Morishige,nRLJ8Fc2
Shusaku Nishikawa,08SN98M6
Yoshito Okubo,lKoQZLjK
Manabu Saito,hnQURwxt
Dimitrios Salpingidis,dpPORFt0
Georgios Samaras,beCOQ9t2
Fernando Santos,4v7BZEuL
Georgios Tzavellas,0tx0xi2i
Alexandros Tziolis,Ey2CSeRg
Atsuto Uchida,4KovAdLb
Loukas Vyntra,fusgEIsl
Hotaru Yamaguchi,fZS9KY5a
Alberto Zaccheroni,Wz4WzqSl
Rickie Lambert,lUOVVD9n
Fabio Capello,lrogg9jr
Viktor Faizulin,61fuc8Hc
Vladimir Granat,MDBxURuG
Aleksey Ionov,IgbqBmSC
Maksim Kanunnikov,p82i66Qt
Aleksandr Kerzhakov,QgWGBntT
Aleksey Kozlov,4tT4srSD
Pavel Mogilevets,2afsxUiN
Sergei Ryzhikov,0Opwpdqt
Andrey Semenov,nqQg7AmQ
Hugo Almeida,ncj2Zr6I
Helder Postiga,Uw3sCUI5
Jordy Clasie,jXmcHMfr
Leroy Fer,URC6RSJb
Dirk Kuyt,jF82k2zh
Wesley Sneijder,Y3Pg11Dq
Louis van Gaal,4APqpVFg
Robin van Persie,0vgcq6un
Ron Vlaar,Of5WNmKB
Chigozie Agbim,zJR2m76E
Efetobore Ambrose,6BUiW40E
Shola Ameobi,SSPl1I13
Michel Babatunde,QZLyQCup
Azubuike Egwuekwe,vPJ1aI3b
Austin Ejide,CrCceH8p
Reuben Gabriel,zqWqK2Ap
Stephen Keshi,Qav42vUp
Odunlami Kunle,Eq5uqwtD
John Obi Mikel,8AkbVvN2
Uche Nwofor,lllSOJL4
Godfrey Oboabona,lQ7ws5qr
Peter Odemwingie,viLxQtb6
Ogenyi Onazi,Cb2Jco2K
Juwon Oshaniwa,IsH7nRLK
Michael Uchebo,CMUA1jtH
Ejike Uzoenyi,S0Obv3T0
Joseph Yobo,Cvx1zMeA
Rasmus Bengtsson,xzR1ipd5
Frodi Benjaminsen,U3fatJdp
Atli Danielsen,8C2MPaSp
Johan Troest Davidsen,63GfUuKT
Viljormur Davidsen,jq8TIKSQ
Jimmy Durmaz,xWx5cCg2
Rasmus Elm,MyACjRfP
Jonhard Frederiksberg,068bQKuB
Teitur Gestsson,tIPePveH
Andreas Granqvist,0EV8Feo9
Atli Gregersen,vHlpvRLr
Hallur Hansson,8MTNFbC9
Par Hansson,hS6TEB5L
Christian Holst,r7b3uwCj
Nils-Eric Johansson,fVuer0zi
Ari Mohr Jonsson,tUmpmCJH
Hans Jorgensen,K8OaObAN
Pol Justinussen,ttBYdEBI
Alexander Kacaniklic,plZHnWH8
Kim Kallstrom,29EuYZG9
Pall Klettskard,EVN3NIPT
Sebastian Larsson,OY3yOlyl
Christian Mouritsen,8WGq84wg
Jonas Naes,CtHjVL4N
Gunnar Nielsen,zZtpIzEU
David Nilsson,hCqOjJKo
Per Nilsson,4YAL5CYB
Suni Olsen,KEr06r85
Jonas Olsson,Qq3XRRXE
Daniel Orlund,EmQjPDJ8
Hans Samuelsen,t2sJSeHa
Simun Samuelsen,pWISouZM
Anders Svensson,OE33Smm5
Heini Vatnsdal,6ygiOBM1
Erkan Zengin,xptyVszj
Oliver Bozanic,KE04UFlC
Mark Bresciano,IZ3JkJdj
Jason Davidson,htzgrwe5
Vicente del Bosque,YXoxKxIr
Ivan Franjic,zkSPpS6F
Eugen Galekovic,MaCTJXJE
Ben Halloran,2cegTayr
Mile Jedinak,tAd1J6uN
Mitchell Langerak,jBUcUoVh
Massimo Luongo,Aw3OUCyR
Ryan McGowan,8juo9BX7
Matt McKay,EXHADphM
Mark Milligan,CCqpC1UD
Tommy Oar,MR0Gwwka
Matthew Spiranovic,pGU5gT2L
Adam Taggart,lju8c2nj
James Troisi,zcPl47Dh
Dario Vidosic,jHycekY8
David Villa,MsTOnBQS
Alex Wilkinson,MHoaXl2B
Bailey Wright,IJiwau6C
Asmir Avdukic,jVrS2C70
Jasmin Fejzic,SIUyQWpd
Anel Hadzic,WW6ZgLen
Senijad Ibricic,YXrUlN02
Haris Medunjanin,CU2eFWNu
Zvjezdan Misimovic,noCWwjJF
Mensur Mujdza,CdkJSd4F
Emir Spahic,hn5iSObs
Toni Sunjic,be0yGisL
Safet Susic,vXVNtTpp
Tino-Sven Susic,YNwkOEEF
Ognjen Vranjes,6HTVNHm8
Avdija Vrsajevic,GhlFnOxn
Brayan Beckeles,xvy7DRHA
Jerry Bengtson,UcFXFGYk
Victor Bernardez,M5mP8tWJ
Marvin Chavez,W0t9vTaO
Osman Chavez,fNFs1unE
Jorge Claros,2qNznP62
Carlos Costly,hzZVcj0n
Edder Delgado,dMKqNuU1
Roger Espinoza,pCWwr6qU
Maynor Figueroa,nwnFbvdC
Boniek Garcia,4rdSelx4
Juan Garcia,K8VNtB0a
Luis Garrido,YLJrB6Zp
Emilio Izaguirre,OK2FZZVO
Mario Martinez,p6qQKqbD
Ronald Martinez,vslUx5rf
Juan Montes,CSvcVxio
Jerry Palacios,67OOb763
Luis Fernando Suarez,OtJkCOOt
Noel Valladares,l2A2xxn6
Sammy Bossut,nVePjWlD
Laurent Ciman,8fPQN1Ab
Nicolas Lombaerts,W4MDHf6E
Daniel van Buyten,8C2cfGEF
Anthony Vanden Borre,OtheNZfk
Marc Wilmots,McmrrMmS
Nikica Jelavic,ney22TbN
Ivica Olic,ET96f8sG
Stipe Pletikosa,vg0BgDIj
Danijel Pranjic,dIUb3Ae8
Sammir,byACMXRQ
Gordon Schildenfeld,2J3SANOt
Ognjen Vukojevic,4zUwumle
Oliver Zelenika,YFgRn6Kd
Jozy Altidore,rmICnKwU
Wilson Palacios,nZJlkCTL
Boubacar Barry,6Dsf4Lob
Arthur Boka,YJZxNaP9
Wilfried Bony,INXcXK3r
Constant Djakpa,jHiXkwgm
Didier Drogba,2mm76ep2
Sylvain Gbohouo,SIkSpwXq
Sayouba Mande,KQyD7AyP
Giovanni Sio,4OJusCu9
Ismael Tiote,pUvaM0Ks
Kolo Toure,Gd8Ix5AB
Ousmane Viera,lUAlHBtk
Didier Ya Konan,nNRbu1Pi
Tranquillo Barnetta,dfvfwnPh
Ottmar Hitzfeld,0f4oXiWm
Gokhan Inler,Igvz54ok
Philippe Senderos,fm7MyPPH
Reto Ziegler,nmcYCKaK
Jean Beausejour,U1c3XzWe
Tim Cahill,WzcKlauG
Carlos Carmona,v1Ync0zm
Marcelo Diaz,Shz8Udxj
Eduardo Vargas,zPqz7CNT
Jose Fuenzalida,WjgTClt8
Felipe Gutierrez,dGNzC3kp
Johnny Herrera,vV8JqcXF
Mauricio Isla,z1sACHIo
Gonzalo Jara,jTiugHLB
Eugenio Mena,4dXtbGKA
Esteban Paredes,r3lHb6zC
Mauricio Pinilla,jc94efJk
Jose Rojas,08VLvUCI
Francisco Silva,zaQCzfIp
Cristopher Toselli,lKTl9fO4
Valdivia,2mm67aMn
Angelis Angeli Charalampous,xYNSPvIe
Marios Antoniadis,O4tC7TYb
Kostakis Artymatas,GtLbef1E
Andreas Avraam,C6jvRCse
Bekim Balaj,t4HyQrX5
Ervin Bulku,nL4gGPBA
Lorik Cana,rHV5TovO
Kostas Charalambidis,40ewS4ns
Elias Charalambous,zPD0YF5G
Jason Demetriou,YFizShSl
Dossa Junior,GxmBNVBK
Shkelzen Gashi,hfsfqdX0
Antonis Georgallides,nFJWBETj
Jahmir Hyka,OppMo7Ck
Ergys Kace,bsoYufVo
Anastasios Kissas,QDlWCHX0
Charalampos Kyriakou,vsBUjKB5
Vincent Laban,Cxenuh5G
Ermir Lenjani,WEBCtE12
Andi Lila,O6ZgKwy3
Sabien Lilaj,KIcvR241
Christos Mastrou,Sf74YqiL
Alban Meha,QyBjpwIL
Agon Mehmeti,nklLMFo9
Lefteris Mertakkas,QT1jw3EH
Nestor Mytidis,Uc73rjjF
Marios Nikolaou,IXzDXZKM
Tefik Osmani,d2aZu1bl
Kyriakos Pavlou,KlN3jyjc
Valdet Rama,pI98ABPR
Odise Roshi,CbWFQSpI
Hamdi Salihi,EcLx6Bab
Orges Shehi,vsXMtsqr
Admir Teli,pSCajS59
Giorgos Vasiliou,v7x6sRRC
Emilian Vila,61NcSrDG
Cheik Tiote,Wxb84uOA
Didier Zokora,vg4y62NR
Daniel Akpeyi,U33yFc1a
Zlatko Dalic,K4p8lzlJ
Elderson,CvGlQcbe
Ikechukwu Ezenwa,KIASP2wr
John Ogu,UPUHxnf1
Josip Pivaric,KleopPqR
Gernot Rohr,4COy9ovd
Abdullahi Shehu,fH9uzgo4
Francis Uzoho,pYft7bNo
Randall Azofeifa,KUCkq0vQ
Francisco Calvo,Qucy7xeO
Cassio,zkTevBEN
Daniel Colindres,v5i0csG6
Fagner,Q9jItgFb
Kenner Gutierrez,pCSAjr1e
David Alberto Guzman Perez,GpSZDPNE
Ronald Matarrita,WYSPCHkg
Leonel Moreira,WbBapruP
Pedro Geromel,WKv3NqI8
Oscar Ramirez,vXceGGUQ
Renato Augusto,CQhTjJws
Ulises Segura,z1CFUYfj
Ian Smith,K2Y1FoIs
Tite,QuS4LmAj
Johan Venegas,OAp9XijR
Rodney Wallace,0EhdbN00
Kendall Jamaal Waston Manley,lzN9ijfc
Janne Andersson,GU4ADWkd
Hugo Ayala,MyI3MsNb
Jonathan dos Santos,2oQBM6hE
Jesus Gallardo,tSbTldMt
Kristoffer Nordfeldt,zidYDVKR
Juan Carlos Osorio,nXuoHqZp
Gustav Svensson,bDDvk2eU
Abdiel Arroyo,GdcmmM67
Ricardo Guardia Avila,lG6f11Ab
Anice Badri,Ao5cFoJC
Aymen Balbouli,6ZbEfiC8
Felipe Baloy,bRjx9u76
Yoel Barcenas,Q785jybg
Rami Bedoui,E1b2gHYc
Mohamed Ben Amor,C65M4Pps
Fakhreddine Ben Youssef,tA95JiAm
Yohan Benalouane,YJDV1hD3
Ghaylen Chaaleli,KjJYdzqb
Armando Cooper,ne1oNBxN
Harold Cummings,MqrRdjTg
Eric Davis,4rWOtH5H
Ismael Diaz,8b4D77xN
Fidel Escobar,vkFwaUn1
Anibal Godoy,Mupyf1oM
Gabriel Gomez,4GoHHPUD
Hernan Gomez,rZBj6CfR
Oussama Haddadi,ppytfQTN
Mouez Hassen,hGNL3F3I
Saber Khalifa,hAX15QOG
Ahmed Khalil,80w71MQf
Ali Maaloul,zekPS2sE
Nabil Maaloul,WtTzndJq
Adolfo Machado,QDjSeNG9
Hamdi Nagguez,UmHydGwK
Luis Ovalle,U1gBvXDP
Jaime Penedo,Y1Gfd8V0
Blas Perez,IJkLGqpK
Valentin Pimentel,dEF9mkA9
Puma,OdHxpMKQ
Alex Rodriguez,r5AJeDYE
Ferjani Sassi,KSrl3y28
Naim Sliti,Qwp67D3q
Luis Tejada,KhZ7AoF6
Gabriel Torres,Egk4ODh4
Roman Torres,bgqQhthD
Pedro Aquino,xGHu1N2P
Miguel Araujo,t6eNizpa
Carlos Caceda,AqFz4pLq
Wilder Cartagena,MN3tNIu1
Jose Carvallo,xpFNAB8m
Aldo Corzo,txXXrkKP
Christian Cueva,rZGCK3kq
Edison Flores,dzR6HoGf
Pedro Gallese,Ik9rz2Bn
Ricardo Gareca,zoS0gtch
Paolo Hurtado,YRj4d1VC
Jackson Irvine,SvwMecZH
Brad Jones,lnh5Fxv2
Tomi Juric,6T0C73QC
Matthew Jurman,AaJOKyKO
Robbie Kruse,xWCOVN40
Nilson Loyola,WQzHH7La
Jamie Maclaren,neCN9woa
James Meredith,YaL0yviE
Andrew Nabbout,8z0pnkBf
Paolo Guerrero,tGBbdUC3
Dimitrios Petratos,K8dBS1Mu
Andy Polo,2DR2IR0l
Christian Ramos,n7oRSHm9
Joshua Risdon,YwusizKa
Alberto Rodriguez,MRUEkXA5
Raul Ruidiaz,06BxDxL0
Anderson Santamaria,d0fBZtfk
Bert van Marwijk,vcHQ4mHg
Yoshimar Yotun,0WfF8Htr
Martin Campana,CjAVOujm
Giorgian de Arrascaeta,foizdExt
Jonathan Urretaviscaya,0YX9hUTi
Mladen Krstajic,IkxyAGFh
Aleksandar Prijovic,C2jGVC60
Vladimir Stojkovic,2kKWB9rA
Beom-Seok Oh,ITfnCH3e
Yo-Han Go,xr5liHj3
Chul Hong,MkqqIR8s
Hyun-Soo Jang,OYKDNhs2
Hyeon-Woo Jo,vqdQJAkE
Se-Jong Ju,pfymeUV2
Seung-Hyun Jung,2LJnsjw7
Woo-Young Jung,jXW4DGBQ
Jin-Hyeon Kim,U1DbV3kf
Min-Woo Kim,bTa2fTr5
Seon-Min Moon,YNIM3BPt
Tae-Yong Shin,YmbzS7xt
Young-Sun Yun,8bkp1n9f
Bartosz Bialkowski,nc4YWPzf
Jakub Blaszczykowski,pMgFvFwT
Aliou Cisse,IJiEi5Sd
Lamine Gassama,bqr0lrhc
Artur Jedrzejczyk,WprL0cYf
Rafal Kurzawa,Wjj2Ys3p
Adama Mbengue,GMW3seXL
Alfred N'Diaye,EoZFLVTF
Khadim N'Diaye,bs5tNBeQ
Adam Nawalka,xWBDMdlD
Michal Pazdan,IqBQQ94k
Slawomir Peszko,xIBDCDs7
Moussa Sow,f35ceQHJ
Masaaki Higashiguchi,Sh6wsQzf
Tomoaki Makino,COZWFqkU
Kosuke Nakamura,W2gAnweA
Akira Nishino,fXRB3Nap
Ryota Oshima,OfpgS1Bf
Naomichi Ueda,re0ioyuT
Amir Abedzadeh,Aky9B9Ge
Vahid Amiri,UXt9jxBS
Alireza Beiranvand,pUYZ8JQd
Roozbeh Cheshmi,SYB2LNG7
Omid Ebrahimi,zJF9cDsa
Saeid Ezatolahi,OrApCj4j
Fernando Hierro,OI9DYP15
Majid Hosseini,vT37WQDB
Mohammadreza Khanzadeh,IXkQZIgk
Mohammad Mazaheri,2H9uo1g0
Morteza Pouraliganji,2XKfyyYu
Ramin Rezaeian,0GXvoGYk
Mehdi Torabi,Gfrgsy3I
Mohamed Abdelshafi,pCvC3qwF
Ayman Ashraf,0lOqR3dA
Hector Cuper,Yc7h8pkb
Sherif Ekramy,tODWlhAe
Essam El Hadary,Q3P4Gguh
Mohamed El Shenawy,ALaFz9J4
El Wensh Mahmoud,bZclzLmS
Ahmed Fathi,fuqQQxD2
Ali Gabr,8fbYYdEm
Vladimir Gabulov,riYzpxkS
Tarek Hamed,EBgWDPS8
Kahraba,ABSZLzqd
Fedor Kudryashov,Kp3N9CXq
Marwan Mohsen,KtOzF3Q5
Samy Morsy,4EwyHgmE
Abdallah Said,juiV8qB5
Saad Samir,xECTuMnE
Shikabala,8tE7Sdbr
Amr Warda,63PgQzts
Vladimir Petkovic,fBA2bWYB
Roberto Martinez,vVKL1ADJ
Michael Murillo,rNLU0jIl
Farouk Ben Mustapha,21tnassm
Syam Ben Yousseff,SnP0Orub
Gareth Southgate,t4YlwJ0P
Kari Arnason,ATpBg6ym
Birkir Bjarnason,tGcjYXdg
Jon Dadi Bodvarsson,8pRXrzwf
Holmar Eyjolfsson,pEVOpuqH
Samuel Fridjonsson,E9bmO8ib
Rurik Gislason,jDF7io9g
Heimir Hallgrimsson,hS9vPWAm
Birkir Saevarsson,t6z5WCHh
Frederik Schram,AaxIUHmU
Bjorn Sigurdarson,fTpGcn32
Ragnar Sigurdsson,bso0Xh2n
Ari Skulason,UmdOhIJg
Olafur Skulason,88pKK8e4
Arnor Traustason,KWCWbfIO
Age Hareide,xfCP8HsP
Nicolai Jorgensen,4peQsSbb
William Kvist,pM9zAxIi
Franco Armani,b940xBqM
Nahuel Guzman,86bQrnfs
Maximiliano Meza,QPea2mg9
Cristian Pavon,0MlBjhee
Ali Al Bulayhi,p28ayGDT
Mohammed Al Burayk,pxDvtoML
Salem Al Dawsari,GnALxwj4
Salman Al Faraj,pfjMYRfm
Mansour Althaqfi Al Harbi,C2iMZHZd
Taisir Al Jassim,8bqjH9Io
Abdullah Al Khaibari,tEyNRdSo
Abdulmalek Abdullah Al Khaibri,vHXgnITp
Hussain Al Moqahwi,lW27SRqL
Yasser Al Mosailem,EPRwsVtE
Abdullah Al Muaiouf,AHerEfSq
Fahad Al Muwallad,616HTYCj
Mohammed Al Owais,hKyctrkU
Mohammad Al Sahlawi,WUFSakDQ
Yasir Al Shahrani,YiGKkGZ9
Yehya Al Shehri,0SkX1khA
Mohanad Aseri,MHhxa7MA
Hattan Bahbri,bmmUq47l
Soslan Dzhanaev,rPBeEhPS
Motaz Hawsawi,MLG5U531
Omar Hawsawi,OxVl0ybp
Osama Hawsawi,nwIvk518
Mohamed Kanno,CI5d1IZA
Abdullah Otayf,SEFOlzkG
Juan Antonio Pizzi,Q7KUvCnp
Jose Cuadrado,QwulToQA
Farid Diaz,dlQDq8yq
Miguel Borja,fi0JcB3l
Oscar Murillo,IDmqUni2
Ban-Suk Oh,QwJtmRSg
Aziz Bouhaddouz,AcK5owvi
Moubarak Boussoufa,tnIRFCQA
Khalid Boutaib,GUQFSOu2
Manuel da Costa,8C2gn9kg
Nabil Dirar,bNSMGhB4
Karim El Ahmadi,bZ2K7l5I
Ayoub El Kaabi,6RewslBm
Munir,zN1bmt8R
Herve Renard,hfxtWMKG
Ahmed Reda Tagnaouti,SlSwWmOg
Ali Gholizadeh,6aaxlSrn
Hossein Hosseini,tOJbzemn
Abolfazl Jalali,EucEvyQD
Hossein Kanaanizadegan,0WB9pJdJ
Ali Karimi,t84vBB7m
Shoja Khalilzadeh,z90Lzavq
Payam Niazmand,Sfq8I1da
Ahmad Nourollahi,j5AZiIHL
Ali Abdi,h4HteEDA
Mohamed Ali Ben Romdhane,vsRg5y0m
Bechir Ben Said,ARFuC168
Aymen Dahmen,QuESDCxQ
Nader Ghandri,jasjwQpC
Bilel Ifa,OAsr0NRt
Seifeddine Jaziri,4zunqHEb
Issam Jebali,hfWBXuHn
Jalel Kadri,lGS8Eihn
Taha Yassine Khenissi,p8BpCjCT
Youssef Msakni,6VfG43JP
Christian Bassogog,rPtPQfjE
Devis Epassy,WIEJpTp8
Everton Ribeiro,UXEFMzcs
Souaibou Marou,GIZYJzUO
Olivier Mbaizo,08Tn3g3J
Jerome Ngom Mbekeli,CzotQlbD
Nouhou,UyeIXogb
Gael Ondoua,O8HolRPB
Samuel Oum Gouet,pWatozFR
Rigobert Song,29OvJ9jR
Weverton,Ac1mqDdC
Roberto Alvarado,KfqaIjeB
Kevin Alvarez,zR1lei3i
Uriel Antuna,2BfQdCkD
Gerardo Arteaga,St6UdZYg
Luis Chavez,fDwDDZt1
Rodolfo Cota,QNiX7A1E
Rogelio Funes Mori,Sn0dilsD
Henry Martin,KvikV7fo
Gerardo Martino,6gpXy3vi
Czeslaw Michniewicz,foL2ym9N
Carlos Rodriguez,SdWGljLj
Luis Romo,KjqnJo1F
Michal Skoras,zcjxCpYR
Damian Szymanski,IwPbDtfQ
Sebastian Szymanski,QFdaT1Qr
Alexis Vega,v5eJNiH0
Otto Addo,UVAR4Plq
Daniel Afriyie,6B6nUiAm
Lawrence Ati Zigi,MLx41pIf
Agustin Canobbio,rFeX9AIm
Ibrahim Danlad,AmYasmor
Nicolas de la Cruz,tjRTCmJm
Abdul Nurudeen,U7FsCATn
Sergio Rochet,pz4Z0i1g
Jose Rodriguez,CpzZKnHE
Sebastian Sosa,pAS33eOb
Facundo Torres,lhAqDO8D
Yahia Attiyat Allah,nmhUfKh6
Badr Benoun,EaPGyvpR
Ilias Chair,AXaIPP9m
Bilal El Khannouss,Ui6gj3Cl
Abderrazak Hamdallah,ncibt2H6
Yahya Jabrane,YZ8OD3Ur
Walid Regragui,foX3ljje
Anass Zaroury,pdcd6LXR
Seny Dieng,dWjK3bAN
Moussa N'Diaye,C2RhJKi0
Moustapha Name,ttrdVLCh
Iliman Ndiaye,Im0c6Oy7
Andries Noppert,KK8ewbFG
Benjamin Cabango,0xs82ck2
Rubin Colwill,4Kt7epi7
Chris Gunter,dOgkK0Hu
Mark Harris,8QtnZ24K
Dylan Levitt,pjr3Q0s9
Joe Morrell,4zX8VbZ1
Robert Page,zyap9bR1
Matt Smith,QXeYFTY5
Sorba Thomas,YHDXXra7
Ardon Jashari,hMT0CnTH
Murat Yakin,AyuXqwIS
Kellyn Acosta,vc66Seae
Gregg Berhalter,QsnKsrgl
Jesus Ferreira,G0FHIX1G
Sean Johnson,bRSLQpm3
Aaron Long,j7mSiM5T
Jordan Morris,zy3QDhFE
Cristian Roldan,UZsrETt7
Haji Wright,2sBknLJl
Walker Zimmerman,Ua5E0Jjj
Kasper Hjulmand,rDQP1g6j
Gue-Sung Cho,Kb3dhzfM
Yu-Min Cho,YcZV8Yaj
Jin-Su Kim,z1ZquNYk
Moon-Hwan Kim,Sjk06s64
Tae-Hwan Kim,UV182O01
Kyung-Won Kwon,beqwYQjr
Sang-Ho Na,2Blk98sh
Seung-Ho Paik,vLTExrEN
Jun-Ho Son,KnuIoxPI
Bum-Keun Song,YsDRxz3i
Min-Kyu Song,tGrZIJyJ
Jong-Gyu Yoon,Kz7U7qAq
Ivica Ivusic,4Gv20loi
Graham Arnold,zR90qmu2
Keanu Baccus,6kConDz1
Jason Cummings,hjUr7sYA
Thomas Deng,0tPZZNl5
Cameron Devlin,AB6yoWr5
Mitchell Duke,zDFlzabo
Craig Goodwin,pCTh1BmO
Fran Karacic,xCJVQZ1l
Joel King,t0Uf9SPR
Garang Kuol,YXf9YWSF
Riley McGree,nqCW2QeG
Andrew Redmayne,6cRjMwz6
Kye Rowles,dppVYtQu
Esteban Alvarado,rJORdpOR
Jewison Bennette,hb32S7rE
Daniel Chacon Salas,O2OHmuib
Anthony Contreras,OdRu9jCA
Keysher Fuller Spence,jRqcBFZF
Anthony Hernandez,boDZxsN1
Douglas Lopez,I5a29fZ7
Shuto Machino,lMBnrtYr
Hajime Moriyasu,xGsedNMH
Youstin Salas,25FEGU6q
Daniel Schmidt,0fhdWFGG
Patrick Sequeira,jZqL8bi0
Yuki Soma,ImC4kgFM
Ao Tanaka,4lYAoXQu
Shogo Taniguchi,dbaoFm9A
Gerson Torres,p4ccP3xp
Juan Pablo Vargas,QeSTBy5a
Roan Wilson,84P7ZWF9
Miki Yamane,44ryjdb8
Alvaro Zamora,OWC7t1Lo
Sam Adekugbe,29H9TmUe
Lucas Cavallini,hdLUdQGi
Derek Cornelius,Wvb8v5p5
Liam Fraser,6ZmchPft
John Herdman,xA45kovo
Mark-Anthony Kaye,GAO1JDD7
Ismael Kone,MkgjOoBG
Richie Laryea,nT1BbXIh
Liam Millar,fLLzagpo
Kamal Miller,SpKtC9ac
Jonathan Osorio,KtKzNinp
James Pantemis,4Q1Vd5nP
Samuel Piette,63QJMufq
Dayne St.Clair,dKt33vk6
Ike Ugbo,CvileHWP
Steven Vitoria,EopZqVW5
Joel Waterman,0l5tduvR
David Wotherspoon,G0fTrsHk
Dragan Stojkovic,tGdkXKgU
Gustavo Alfaro,pd7yjljQ
Xavier Arreaga,rgEPHjOC
Jose Adoni Cifuentes Charcopa,4xnELIVt
Michael Estrada,8jABhhUr
Alan Franco,YuAt5xNE
Hernan Galindez,CMsj4Kx5
Romario Ibarra,Wxm4f3On
Angel Mena,0Uv1vttK
Jhegson Mendez,8v2PcIdl
Diego Palacios,WtuseudF
Angelo Preciado,bD6W0ocH
Eduar Preciado,v3dG9UaT
Moises Ramirez,UmIQDown
Djorkaeff Reasco,jHYMdMpm
Robert Arboleda,UJPFEGAb
Kevin Rodriguez,zidM8dFE
Felix Torres,0tk55838
Zeno Debast,UsC6jnib
Jassem Abdulsallam,bmveeNBS
Akram Afif,U16TDIda
Homam Ahmed,IuGsoVtQ
Naif Al Hadhrami,QoVzzL5A
Salem Al Hajri,Yup9v5g1
Hasan Al Haydos,trhv3AD4
Bassam Al Rawi,xr2ffpgl
Saad Al Sheeb,Ya9n3m4I
Ahmed Alaaeldin,21NHNvF4
Almoez Ali,Y9e3hON0
Ali Assadalla,EayUzoDP
Meshaal Barsham,EZDAX3Ou
Karim Boudiaf,KOISvjIN
Abdelkarim Hassan,z78HKRU1
Yousef Hassan Mohamed Ali,WCBLm9WE
Abdulaziz Hatem,WAErHFjJ
Musab Khoder,21HYgUiJ
Boualem Khoukhi,QyW8enUd
Assim Omer Madibo,fJdag48f
Khalid Mazeed,vsHNuvsT
Mostafa Meshaal,Wx4Bc8HN
Ismaeel Mohammed,A3WkTKJa
Mohammed Muntari,KM1dWDG5
Pedro Miguel,rqLfePHH
Tarek Salman,tYJq4Thj
Felix Sanchez Bas,tzaBj2hD
Mohammed Waad,Agm1tBbp
Thiago Almada,CSKGShgi
Lionel Scaloni,A1A2ibcF
Nathaniel Atkinson,foFnxc1k
Sergio Costa,29pPen3Q
Saud Abdulhamid,OOentN4R
Nawaf Al Abed,pdYQ2AqS
Abdulelah Al Amri,rZSEa8BL
Nawaf Al Aqidi,lMGfYQCh
Nasser Al Dawsari,rucyLHWT
Sultan Al Ghannam,IenEuFH4
Ali Al Hassan,8jl7Fujb
Abdulelah Al Malki,nBxGtE0A
Sami Al Najei,WC5Q4euS
Abdulrahman Al Oboud,6olgp54C
Saleh Al Shehri,8rlksBH2
Mohammed Al Yami,jqXb1dco
Firas Al-Buraikan,ltjsmFe0
Haitham Asiri,IkGLsQ2I
Abdullah Madu,2TThaeDj
Riyadh Sharahili,Y93qrwK3
Hassan Tambakti,pjAkEZti
